DJI,GSPC,HSI,N225,TWII
151.44479,20.28167,481.80784,371.58844,141.38964
0.70818,0.85786,2.64844,2.27033,1.73273
295.36424,31.16299,502.91978,361.55902,250.57832
2.43890,2.49388,2.18713,2.38513,2.79732
88.27156,19.04081,450.89398,85.89735,71.28218
0.57517,1.36883,2.85863,0.38973,0.63511
556.91691,88.02727,1332.61131,724.97397,482.61683
4.33662,6.75135,5.82187,4.29532,7.91750
