DJI,GSPC,HSI,N225,TWI
96.17917,13.27756,356.68044,166.70849,145.37469
0.80057,0.91097,2.58824,1.25057,2.28646
244.7418,26.33151,239.4806,212.9512,75.05828
2.1866,2.31227,1.65385,1.56379,0.93703
93.33238,13.88214,723.74641,90.41309,51.77538
0.74669,1.05684,5.07832,0.68406,0.69578
299.36049,39.04254,795.67701,340.93249,292.87778
2.83445,3.70960,4.46038,3.51496,5.37915
