,DJI,GSPC,HSI,N225,TWI,,,,,
RMSE,69.00062,13.01393,191.17745,111.35049,51.07138,,69.00062,38.44239,42.87277,249.5665
MAPE,0.57065,0.69285,1.16576,0.94055,0.69147,,13.01393,3.66025,4.46071,21.52299
RMSE,38.44239,3.66025,107.58575,163.44483,35.75482,,191.17745,107.58575,39.79955,509.05635
MAPE,0.29785,0.28674,0.59003,1.25479,0.39934,,111.35049,163.44483,30.65324,447.97975
RMSE,42.87277,4.46071,39.79955,30.65324,23.7689,,51.07138,35.75482,23.7689,196.29192
MAPE,0.29062,0.2746,0.16117,0.19849,0.19789,,,,,
RMSE,249.5665,21.52299,509.05635,447.97975,196.29192,,,,,
MAPE,2.332,2.31183,2.6536,5.00934,3.71756,,,,,
