DJI,GSPC,HSI,N225,TWI
68.06692,14.54489,210.69129,97.04673,43.78310
0.09837,0.1925,0.30024,0.15903,0.15685
82.58518,6.39422,181.72336,187.59309,62.81503
0.13176,0.09668,0.25072,0.273,0.18575
52.96028,6.82432,148.7031,37.55766,21.45364
0.08041,0.08948,0.16159,0.05313,0.05551
308.58176,27.24724,802.85399,517.21969,179.43766
0.61158,0.52624,0.88589,0.99192,0.74935
